<?xml version="1.0" encoding="UTF-8"?>
<!--
        *** GENERATED - DO NOT EDIT  ***
        -->
<project name="hello2-rest-build" basedir=".." xmlns:webproject3="http://www.netbeans.org/ns/web-project/3" xmlns:webproject2="http://www.netbeans.org/ns/web-project/2" xmlns:webproject1="http://www.netbeans.org/ns/web-project/1" xmlns:jaxrs="http://www.netbeans.org/ns/jax-rs/1">
    <target name="-check-rest">
        <condition property="do.rest">
            <istrue value="${rest.support.on}"/>
        </condition>
    </target>
    <target name="-init-rest" if="do.rest" depends="-check-rest">
        <condition property="platform.restlib.classpath" value="${j2ee.platform.classpath}">
            <and>
                <isset property="restlib.ignore.platform"/>
                <isfalse value="${restlib.ignore.platform}"/>
            </and>
        </condition>
        <condition property="restapt.redirect" value="false" else="true">
            <and>
                <isset property="rest.apt.redirect"/>
                <isfalse value="${rest.apt.redirect}"/>
            </and>
        </condition>
        <condition property="restapt.normalizeURI" value="false" else="true">
            <and>
                <isset property="rest.apt.normalizeURI"/>
                <isfalse value="${rest.apt.normalizeURI}"/>
            </and>
        </condition>
        <condition property="restapt.canonicalizeURIPath" value="false" else="true">
            <and>
                <isset property="rest.apt.canonicalizeURIPath"/>
                <isfalse value="${rest.apt.canonicalizeURIPath}"/>
            </and>
        </condition>
        <condition property="restapt.ignoreMatrixParams" value="false" else="true">
            <and>
                <isset property="rest.apt.ignoreMatrixParams"/>
                <isfalse value="${rest.apt.ignoreMatrixParams}"/>
            </and>
        </condition>
        <taskdef name="restapt" classname="com.sun.ws.rest.tools.ant.WebResourcesProcessorTask">
            <classpath>
                <path path="${platform.restlib.classpath}"/>
                <path path="${libs.restlib.classpath}"/>
            </classpath>
        </taskdef>
    </target>
    <target name="-rest-post-compile" depends="-check-rest,-init-rest" if="do.rest">
        <mkdir dir="${build.generated.dir}/rest-gen"/>
        <restapt fork="true" xEndorsed="true" sourcePath="${src.dir}" nocompile="true" destdir="${build.generated.dir}/rest-gen" sourcedestdir="${build.generated.dir}/rest-gen">
            <classpath>
                <path path="${javac.classpath}"/>
                <path path="${libs.jaxws21.classpath}"/>
                <path path="${j2ee.platform.classpath}"/>
                <pathelement location="${build.web.dir}/WEB-INF/classes"/>
            </classpath>
            <source dir="${src.dir}">
                <include name="**/*.java"/>
            </source>
            <option key="redirect" value="${restapt.redirect}"/>
            <option key="normalizeURI" value="${restapt.normalizeURI}"/>
            <option key="canonicalizeURIPath" value="${restapt.canonicalizeURIPath}"/>
            <option key="ignoreMatrixParams" value="${restapt.ignoreMatrixParams}"/>
        </restapt>
        <webproject2:javac srcdir="${build.generated.dir}/rest-gen" destdir="${build.classes.dir}"/>
        <copy todir="${build.classes.dir}">
            <fileset dir="${build.generated.dir}/rest-gen" includes="**/*.wadl"/>
        </copy>
    </target>
    <target name="-check-trim">
        <condition property="do.trim">
            <and>
                <isset property="client.urlPart"/>
                <length string="${client.urlPart}" when="greater" length="0"/>
            </and>
        </condition>
    </target>
    <target name="-trim-url" if="do.trim">
        <pathconvert pathsep="/" property="rest.base.url">
            <propertyset>
                <propertyref name="client.url"/>
            </propertyset>
            <globmapper from="*${client.urlPart}" to="*/"/>
        </pathconvert>
    </target>
    <target name="-spare-url" unless="do.trim">
        <property name="rest.base.url" value="${client.url}"/>
    </target>
    <target name="test-restbeans" depends="run-deploy,-init-display-browser,-check-trim,-trim-url,-spare-url">
        <replace file="${restbeans.test.file}" token="${base.url.token}" value="${rest.base.url}"/>
        <nbbrowse url="${restbeans.test.url}"/>
    </target>
</project>
