<?xml version="1.0" encoding="UTF-8"?>
<project-private xmlns="http://www.netbeans.org/ns/project-private/1">
    <editor-bookmarks xmlns="http://www.netbeans.org/ns/editor-bookmarks/1"/>
    <open-files xmlns="http://www.netbeans.org/ns/projectui-open-files/1">
        <file>file:/C:/1passion.labs/handson_javaee/servlet_basics1/samples/hello2/src/java/servlets/GreetingServlet.java</file>
        <file>file:/C:/1passion.labs/handson_javaee/servlet_basics1/samples/hello2/src/java/servlets/ResponseServlet.java</file>
        <file>file:/C:/1passion.labs/handson_javaee/servlet_basics1/samples/hello2/web/WEB-INF/web.xml</file>
    </open-files>
</project-private>
